Gene,Importance
ENSG00000204305,0.05725887253932688
ENSG00000114854,0.044647877154738023
ENSG00000170323,0.036477927274697744
ENSG00000112782,0.0337525642253392
ENSG00000066405,0.03302299140249028
ENSG00000168481,0.02868305848337079
ENSG00000183019,0.028162109112614398
ENSG00000168484,0.02790654083300261
ENSG00000158764,0.027698754456878694
ENSG00000241644,0.027603255248770903
ENSG00000108576,0.027470360818080176
ENSG00000243566,0.02612290319545939
ENSG00000147689,0.025475232708570432
ENSG00000105974,0.02546710893015507
ENSG00000122852,0.023340180551631593
ENSG00000196616,0.02315612670198893
ENSG00000171885,0.022746689775353223
ENSG00000165197,0.021504066934769903
ENSG00000095713,0.02002346143803615
ENSG00000168309,0.01711815331685152
ENSG00000134020,0.017092113568943433
ENSG00000025423,0.017035877700444676
ENSG00000133661,0.01658636199353027
ENSG00000148677,0.015551782753088158
ENSG00000019169,0.013954611565946351
ENSG00000183607,0.013442179132699253
ENSG00000175063,0.012823221662594175
ENSG00000175084,0.01235266178205671
ENSG00000188536,0.01225911342886402
ENSG00000099953,0.011818791071038946
ENSG00000244734,0.009824797872399574
ENSG00000166292,0.009622518974331525
ENSG00000170890,0.009399355025811889
ENSG00000156076,0.009349727747300713
ENSG00000225329,0.009016249996193278
ENSG00000104918,0.008832127547941226
ENSG00000123500,0.00827629159221899
ENSG00000159713,0.007942066542140521
ENSG00000142973,0.007459708079187518
ENSG00000163815,0.007408361513264053
ENSG00000175445,0.007202230832058015
ENSG00000185303,0.00706503992077495
ENSG00000143320,0.006749780165143007
ENSG00000225342,0.006530953400298414
ENSG00000101057,0.006516858402634229
ENSG00000137648,0.0064405879346918285
ENSG00000166961,0.006173839543579483
ENSG00000225383,0.006153185556679395
ENSG00000142748,0.00538206150287576
ENSG00000167434,0.005357976747160648
ENSG00000272620,0.005251034701879855
ENSG00000140297,0.00473570103657062
ENSG00000227066,0.0047284841713714654
ENSG00000078081,0.004606649184197825
ENSG00000179913,0.004555932746957
ENSG00000099994,0.004282062562160794
ENSG00000114631,0.0042089003082125065
ENSG00000165474,0.003906086082746195
ENSG00000118785,0.003505239937250302
ENSG00000198848,0.003495392030346245
ENSG00000060718,0.003344217194055374
ENSG00000235584,0.0030047910090773788
ENSG00000124107,0.0027731473710465816
ENSG00000286042,0.0027400811530867617
ENSG00000137825,0.0027281376077839337
ENSG00000019102,0.002655139876291801
ENSG00000124664,0.0025745855140852725
ENSG00000172927,0.002466057895430169
ENSG00000167972,0.0024095082540784548
ENSG00000271447,0.0023192252493381806
ENSG00000138207,0.0021357974466014963
ENSG00000240583,0.002080964566307552
ENSG00000173376,0.0018600149724798856
ENSG00000188906,0.0018308262646517873
ENSG00000007402,0.0018261162926450913
ENSG00000169894,0.0017185225203700586
ENSG00000170477,0.0016186204722183364
ENSG00000146166,0.0015918525754544746
ENSG00000196611,0.0015417143588410506
ENSG00000087128,0.0014122452738302743
ENSG00000019186,0.0014095399479222975
ENSG00000143512,0.0013520377457312397
ENSG00000179914,0.0012845165454137717
ENSG00000162482,0.0011520357313764857
ENSG00000166143,0.0011295674475269614
ENSG00000180772,0.0011004507160122668
ENSG00000123999,0.0010730777382623583
ENSG00000170373,0.0008234348260343805
ENSG00000101210,0.0008096054147892801
ENSG00000153446,0.0007770621893125437
ENSG00000106541,0.0007604383880978501
ENSG00000198488,0.0007493740373216109
ENSG00000171243,0.000717729466927086
ENSG00000002726,0.0006665628049471543
ENSG00000108176,0.000664041412742146
ENSG00000114771,0.0006455948798973
ENSG00000096088,0.0006426154344532764
ENSG00000249628,0.0006123894232341494
ENSG00000147257,0.0005796254151815767
ENSG00000155622,0.0005619061040405811
ENSG00000162551,0.000558337599279231
ENSG00000088992,0.0005482835792766224
ENSG00000167757,0.0005411144690360941
ENSG00000131050,0.0005203724400470754
ENSG00000243466,0.0004555564151754685
ENSG00000113924,0.0004195562739697131
ENSG00000169562,0.0004148628181716167
ENSG00000211896,0.0004126920726074656
ENSG00000204544,0.0004115598378900828
ENSG00000109255,0.000380901413954057
ENSG00000105664,0.0003705530235908315
ENSG00000107159,0.00035625780708855025
ENSG00000264175,0.00035327841245847146
ENSG00000286818,0.00035234751715240367
ENSG00000112936,0.0003508745063021249
ENSG00000104760,0.0003311934036881436
ENSG00000175315,0.0003212857156680738
ENSG00000153292,0.00031798985887157886
ENSG00000166105,0.00029938102159703166
ENSG00000211594,0.00029650912835199204
ENSG00000110195,0.0002676975380043811
ENSG00000150201,0.0002638317705191597
ENSG00000143452,0.00026328860069139905
ENSG00000185686,0.0002516578222688015
ENSG00000147889,0.00024010507432405825
ENSG00000145824,0.0002286174844698857
ENSG00000047457,0.00022293138650756822
ENSG00000125571,0.000221955107773208
ENSG00000183971,0.0002022531736692005
ENSG00000105388,0.00020216326738147134
ENSG00000181019,0.00019134341106886183
ENSG00000205426,0.00018651875324307563
ENSG00000109511,0.00017106141640554153
ENSG00000205364,0.000170870527400053
ENSG00000242472,0.00016617961367462758
ENSG00000075461,0.00016541618600357625
ENSG00000211595,0.00016463150014232815
ENSG00000244437,0.00016368800593391904
ENSG00000218048,0.00016295960593793878
ENSG00000134398,0.000156427832480603
ENSG00000164266,0.0001538733086940738
ENSG00000253755,0.0001480562928392727
ENSG00000149021,0.00014274162700303168
ENSG00000125872,0.00013910161780173374
ENSG00000164972,0.00013435933349027884
ENSG00000272405,0.00013401669593354404
ENSG00000248144,0.00013205812563618123
ENSG00000165272,0.00012971653271408795
ENSG00000287627,0.00012923233752050762
ENSG00000145113,0.00012731776581493257
ENSG00000200033,0.00012285812104476752
ENSG00000086548,0.00012251758098061574
ENSG00000170561,0.00012251043155901454
ENSG00000124237,0.00012196553700624666
ENSG00000065618,0.0001196501828164582
ENSG00000163993,0.00011773847543243305
ENSG00000277639,0.00011714692303091148
ENSG00000123838,0.00011604575335613272
ENSG00000287673,0.00011538244635358506
ENSG00000157399,0.00011401712791277849
ENSG00000149435,0.00011274856379794084
ENSG00000179639,0.00010508752755911913
ENSG00000211935,0.00010465441589126597
ENSG00000278196,0.00010424337284461477
ENSG00000134873,0.00010338911054417891
ENSG00000003989,0.00010338522247461584
ENSG00000127831,0.00010258774077025891
ENSG00000211955,0.00010035253831846813
ENSG00000161905,9.856524347275349e-05
ENSG00000168878,9.45059406771915e-05
ENSG00000103316,9.211163642517471e-05
ENSG00000117983,9.045689744679933e-05
ENSG00000184956,8.94361068949209e-05
ENSG00000105696,8.86750514817081e-05
ENSG00000143546,8.83849414562465e-05
ENSG00000211598,8.831138629242371e-05
ENSG00000131910,8.825457447190574e-05
ENSG00000080293,8.728096704123343e-05
ENSG00000211937,8.567973083173624e-05
ENSG00000179813,8.404925706531525e-05
ENSG00000173267,8.382350349877201e-05
ENSG00000211938,8.332904601019179e-05
ENSG00000259803,8.236969078432774e-05
ENSG00000136918,8.14014378052853e-05
ENSG00000211639,8.132087710706004e-05
ENSG00000211949,8.077696050195254e-05
ENSG00000211625,7.973143244756177e-05
ENSG00000211967,7.917979405123001e-05
ENSG00000091583,7.51033749772177e-05
ENSG00000137745,7.505572411355599e-05
ENSG00000232216,7.30208869856362e-05
ENSG00000104140,7.023463216390807e-05
ENSG00000211662,7.014225536331989e-05
ENSG00000274002,6.823770696495331e-05
ENSG00000211593,6.805123141101989e-05
ENSG00000134827,6.773654037688868e-05
ENSG00000211597,6.638676042176627e-05
ENSG00000180818,6.585521487212024e-05
ENSG00000131400,6.559471592431146e-05
ENSG00000137699,6.548319420163959e-05
ENSG00000160180,6.521405948333143e-05
ENSG00000189058,6.486604613594952e-05
ENSG00000006016,6.190555874007044e-05
ENSG00000069011,6.072733490786106e-05
ENSG00000171246,5.782097845957256e-05
ENSG00000164825,5.726220448928092e-05
ENSG00000164120,5.7239805722029425e-05
ENSG00000173467,5.695271060548642e-05
ENSG00000242265,5.690769013684529e-05
ENSG00000211890,5.657911608905144e-05
ENSG00000162896,5.550397330637015e-05
ENSG00000211966,5.3191581701384706e-05
ENSG00000262406,5.305219731899913e-05
ENSG00000255026,5.289799214776299e-05
ENSG00000164379,5.270771341463009e-05
ENSG00000116299,5.145703953951218e-05
ENSG00000228278,5.030501449887776e-05
ENSG00000211962,5.026806582859311e-05
ENSG00000131746,4.882027848755097e-05
ENSG00000127249,4.868534151652787e-05
ENSG00000237643,4.862905373719936e-05
ENSG00000108551,4.82232348486882e-05
ENSG00000166959,4.799651522880447e-05
ENSG00000070526,4.737785751206105e-05
ENSG00000125851,4.735951230417012e-05
ENSG00000178473,4.5776060863766504e-05
ENSG00000022556,4.535027333850678e-05
ENSG00000211904,4.52475312140278e-05
ENSG00000211592,4.4993963808814924e-05
ENSG00000122133,4.495629143914775e-05
ENSG00000106927,4.394044095883932e-05
ENSG00000116031,4.3303727499566674e-05
ENSG00000188505,4.278052334186185e-05
ENSG00000161798,4.1725961847063407e-05
ENSG00000172724,4.1414998522924806e-05
ENSG00000189377,3.978371387799669e-05
ENSG00000282651,3.978036100986267e-05
ENSG00000169903,3.8522931492280494e-05
ENSG00000231292,3.760912991379802e-05
ENSG00000196260,3.734436559796142e-05
ENSG00000242640,3.729158336592695e-05
ENSG00000165449,3.7114317217269865e-05
ENSG00000211892,3.631228036170258e-05
ENSG00000160182,3.563749956042977e-05
ENSG00000266968,3.5498095614358016e-05
ENSG00000211952,3.42152346076234e-05
ENSG00000110680,3.4091707604202774e-05
ENSG00000125740,3.379484118448794e-05
ENSG00000102854,3.354708778647125e-05
ENSG00000211895,3.345328579953736e-05
ENSG00000108821,3.335425477484571e-05
ENSG00000241755,3.332340496798007e-05
ENSG00000211897,3.2553433274748204e-05
ENSG00000137285,3.1549236495112616e-05
ENSG00000242887,3.138236077699502e-05
ENSG00000211968,3.123703957281224e-05
ENSG00000160181,3.121562080759449e-05
ENSG00000131771,3.05828703117737e-05
ENSG00000148346,3.037180496575721e-05
ENSG00000171747,3.012789504282942e-05
ENSG00000174502,2.9904081763883076e-05
ENSG00000176153,2.954212582582107e-05
ENSG00000187908,2.9490931616912917e-05
ENSG00000211653,2.9335570525249846e-05
ENSG00000186832,2.8885538634769778e-05
ENSG00000019505,2.885126327082632e-05
ENSG00000211599,2.8785042353082487e-05
ENSG00000211637,2.8685665385475505e-05
ENSG00000239951,2.850251583684034e-05
ENSG00000196754,2.850000107266111e-05
ENSG00000198074,2.838570919072471e-05
ENSG00000146013,2.831757716148485e-05
ENSG00000127324,2.810378338288567e-05
ENSG00000132821,2.7689886651870338e-05
ENSG00000124102,2.746983440219356e-05
ENSG00000163220,2.7232156116203423e-05
ENSG00000197249,2.7064973934635723e-05
ENSG00000012223,2.6925289495821572e-05
ENSG00000184697,2.673169277962318e-05
ENSG00000117472,2.6605619223099215e-05
ENSG00000171557,2.6543604532738298e-05
ENSG00000237541,2.6389456723975264e-05
ENSG00000167656,2.612618617396196e-05
ENSG00000178343,2.583929038273917e-05
ENSG00000105825,2.572512197934899e-05
ENSG00000062038,2.5589922507293704e-05
ENSG00000171560,2.5462700729879352e-05
ENSG00000135744,2.5214938905708833e-05
ENSG00000243290,2.5065784285829536e-05
ENSG00000171903,2.503154380785151e-05
ENSG00000101842,2.4950134828784378e-05
ENSG00000133636,2.4540285342664684e-05
ENSG00000229391,2.376982746978207e-05
ENSG00000159212,2.3586774434275938e-05
ENSG00000244067,2.316310727140461e-05
ENSG00000157765,2.291062770231818e-05
ENSG00000240671,2.2783933212129712e-05
ENSG00000176532,2.2514179170607683e-05
ENSG00000251039,2.2476282569297604e-05
ENSG00000211950,2.2271482577609838e-05
ENSG00000241351,2.2219866331087653e-05
ENSG00000078898,2.1697579893380384e-05
ENSG00000158477,2.1513073569574707e-05
ENSG00000282431,2.137838947407501e-05
ENSG00000211974,2.1196275810281906e-05
ENSG00000160862,2.0735427351233405e-05
ENSG00000108602,2.023259284460492e-05
ENSG00000179593,1.9751503941779966e-05
ENSG00000211959,1.9564499494810203e-05
ENSG00000211669,1.953955185920735e-05
ENSG00000129654,1.9458927170360062e-05
ENSG00000164265,1.9358914834123213e-05
ENSG00000136110,1.9120084404880522e-05
ENSG00000211951,1.891570651690875e-05
ENSG00000073756,1.8766082269409228e-05
ENSG00000211660,1.8474352573166676e-05
ENSG00000270550,1.8471599795828035e-05
ENSG00000211650,1.845845739646082e-05
ENSG00000108342,1.828264062650938e-05
ENSG00000248485,1.778338314660334e-05
ENSG00000229807,1.7765495963520527e-05
ENSG00000231106,1.7680222849631964e-05
ENSG00000133063,1.740304979504588e-05
ENSG00000166670,1.7340940061098317e-05
ENSG00000211655,1.725712049419011e-05
ENSG00000237111,1.7239297519138316e-05
ENSG00000243238,1.701005826248301e-05
ENSG00000276775,1.676718730129809e-05
ENSG00000115457,1.670327008992594e-05
ENSG00000211651,1.6511997972542087e-05
ENSG00000128422,1.6346574672829914e-05
ENSG00000154277,1.6330479173859087e-05
ENSG00000211964,1.6257498516403773e-05
ENSG00000223350,1.608595332857474e-05
ENSG00000200795,1.599712771847168e-05
ENSG00000244575,1.575272684559927e-05
ENSG00000047936,1.5238935922641737e-05
ENSG00000224041,1.5185431585681394e-05
ENSG00000012817,1.4751526771774236e-05
ENSG00000114455,1.4743380829967812e-05
ENSG00000253665,1.4654567592116471e-05
ENSG00000171476,1.4291587663974511e-05
ENSG00000188257,1.4092273515633251e-05
ENSG00000161055,1.3975458291899124e-05
ENSG00000211930,1.3350344332986517e-05
ENSG00000233913,1.324255402712149e-05
ENSG00000165376,1.2974543232010575e-05
ENSG00000079112,1.2489364110485264e-05
ENSG00000198183,1.2179744875511122e-05
ENSG00000211934,1.1854291884198034e-05
ENSG00000211670,1.18138175345472e-05
ENSG00000170689,1.1812420511563479e-05
ENSG00000163216,1.1679161774733688e-05
ENSG00000263934,1.1511024119279401e-05
ENSG00000205420,1.144827400742327e-05
ENSG00000152611,1.134575096504755e-05
ENSG00000114638,1.1253425737840818e-05
ENSG00000211941,1.119625752274592e-05
ENSG00000167741,1.113647584223979e-05
ENSG00000211905,1.1089584856361154e-05
ENSG00000211893,1.077031980077535e-05
ENSG00000167772,1.0585743563502231e-05
ENSG00000124882,1.0544805702344758e-05
ENSG00000213058,1.0073687284860005e-05
ENSG00000211946,1.0024765506707969e-05
ENSG00000229314,9.987043257659037e-06
ENSG00000131668,9.931620945879849e-06
ENSG00000211642,9.884164415064041e-06
ENSG00000169035,9.61709101759296e-06
ENSG00000125999,9.508170668243882e-06
ENSG00000205362,9.408710018294906e-06
ENSG00000151632,9.397714647353232e-06
ENSG00000196139,9.33736195012034e-06
ENSG00000145423,9.182926623233767e-06
ENSG00000156234,9.070923004732852e-06
ENSG00000105048,9.014250570734933e-06
ENSG00000253998,8.968816350907657e-06
ENSG00000256612,8.728310167362328e-06
ENSG00000211679,8.683713935527533e-06
ENSG00000211942,8.671869721772512e-06
ENSG00000211658,8.634740253203071e-06
ENSG00000211640,8.380957275648022e-06
ENSG00000067048,8.306551496791588e-06
ENSG00000257017,8.217523983612946e-06
ENSG00000276566,8.144411614202905e-06
ENSG00000158825,8.09084628237145e-06
ENSG00000211611,7.95558426807082e-06
ENSG00000211659,7.918475294004198e-06
ENSG00000211972,7.801744124052085e-06
ENSG00000211933,7.7406343703261e-06
ENSG00000223648,7.566532691156143e-06
ENSG00000213401,7.560013782260622e-06
ENSG00000181449,7.451713077208966e-06
ENSG00000168631,7.385381733222872e-06
ENSG00000107984,7.315782973905072e-06
ENSG00000240864,7.305329680527805e-06
ENSG00000239855,7.052268786028967e-06
ENSG00000226278,7.036578260043077e-06
ENSG00000211652,7.027487521351356e-06
ENSG00000211685,6.9937200076240895e-06
ENSG00000243264,6.867491286795963e-06
ENSG00000239975,6.849471780764815e-06
ENSG00000198930,6.703298568078522e-06
ENSG00000159763,6.443640367411011e-06
ENSG00000215182,6.421704780476987e-06
ENSG00000169469,6.326372841116443e-06
ENSG00000023839,6.097691774230121e-06
ENSG00000240041,6.066244751216861e-06
ENSG00000242371,5.771420620923848e-06
ENSG00000124939,5.615382415094091e-06
ENSG00000211666,5.552060678398333e-06
ENSG00000247627,5.546079863389945e-06
ENSG00000206075,5.3411924352661695e-06
ENSG00000211664,5.2860769573466375e-06
ENSG00000163735,5.1383286274361375e-06
ENSG00000196188,4.99861528674508e-06
ENSG00000234854,4.9219431174725545e-06
ENSG00000200087,4.896649168529479e-06
ENSG00000162383,4.887023635990528e-06
ENSG00000268104,4.872034084085379e-06
ENSG00000197172,4.837095356578345e-06
ENSG00000211677,4.741433881190358e-06
ENSG00000181617,4.496916554239722e-06
ENSG00000099937,4.424343123197724e-06
ENSG00000211648,4.420553292233461e-06
ENSG00000253818,4.414831824231434e-06
ENSG00000243955,4.353720618002228e-06
ENSG00000183036,4.331730428113218e-06
ENSG00000188910,4.240915324271943e-06
ENSG00000211673,4.120116412681299e-06
ENSG00000263639,4.053809116410711e-06
ENSG00000102109,3.7648927321269267e-06
ENSG00000109321,3.7265758146153666e-06
ENSG00000187134,3.7062995035433517e-06
ENSG00000133710,3.6218612132080955e-06
ENSG00000211898,3.575912885486545e-06
ENSG00000134184,3.541037692683733e-06
ENSG00000244116,3.5362778143694585e-06
ENSG00000197253,3.360156595635067e-06
ENSG00000278771,3.312260153703308e-06
ENSG00000211899,3.294936434532862e-06
ENSG00000186474,3.2497073525880695e-06
ENSG00000173702,3.076829327644492e-06
ENSG00000074410,2.977782387836433e-06
ENSG00000224650,2.7060939621792954e-06
ENSG00000167653,2.6552354412449523e-06
ENSG00000089199,2.6529956017413413e-06
ENSG00000282122,2.628653116947615e-06
ENSG00000211943,2.6078536534867686e-06
ENSG00000211947,2.529078148884736e-06
ENSG00000129437,2.3972565294587802e-06
ENSG00000175426,2.394079487057702e-06
ENSG00000221867,2.2027442233792646e-06
ENSG00000203697,2.1996741358923604e-06
ENSG00000186081,2.137017945111776e-06
ENSG00000148702,2.099145396582679e-06
ENSG00000241244,1.992215022738189e-06
ENSG00000211638,1.9760587935242185e-06
ENSG00000169474,1.9685577580314444e-06
ENSG00000230076,1.7065587773238022e-06
ENSG00000163207,1.6725222725397658e-06
ENSG00000201098,1.6539087890896396e-06
ENSG00000266019,1.5623755508589015e-06
ENSG00000132840,1.3148031301298555e-06
ENSG00000007062,1.3011378549447342e-06
ENSG00000211900,1.2570329637874281e-06
ENSG00000184564,1.2223582330308578e-06
ENSG00000282639,1.1800024300924296e-06
ENSG00000281990,1.0028768252989068e-06
ENSG00000211976,7.703907285708493e-07
ENSG00000211965,7.636009199049906e-07
ENSG00000198732,7.63534720521073e-07
ENSG00000280411,7.591099983639396e-07
ENSG00000171564,7.510382249107655e-07
ENSG00000225523,7.058522384718439e-07
ENSG00000252010,6.54833689990751e-07
ENSG00000232629,6.492944708453598e-07
ENSG00000274576,6.359630822915564e-07
ENSG00000101470,6.318378991371976e-07
ENSG00000251532,6.314787713112772e-07
ENSG00000253451,6.299289410274702e-07
ENSG00000169297,6.190648006694251e-07
ENSG00000227097,6.057430759663284e-07
ENSG00000139352,5.95246482345154e-07
ENSG00000227300,5.764140369763469e-07
ENSG00000041982,4.787911796095647e-07
ENSG00000231475,3.471717224699363e-07
ENSG00000021826,2.6618474575340026e-07
ENSG00000115009,1.7595176554742859e-07
ENSG00000186891,0.0
ENSG00000211970,0.0
ENSG00000183018,0.0
ENSG00000211667,0.0
ENSG00000069764,0.0
ENSG00000183287,0.0
ENSG00000070087,0.0
ENSG00000070182,0.0
ENSG00000071539,0.0
ENSG00000073150,0.0
ENSG00000211665,0.0
ENSG00000183010,0.0
ENSG00000187492,0.0
ENSG00000209082,0.0
ENSG00000210112,0.0
ENSG00000075213,0.0
ENSG00000210195,0.0
ENSG00000211445,0.0
ENSG00000211973,0.0
ENSG00000211632,0.0
ENSG00000196167,0.0
ENSG00000074211,0.0
ENSG00000196436,0.0
ENSG00000067646,0.0
ENSG00000068078,0.0
ENSG00000196205,0.0
ENSG00000073282,0.0
ENSG00000069122,0.0
ENSG00000069482,0.0
ENSG00000204949,0.0
ENSG00000211633,0.0
ENSG00000188783,0.0
ENSG00000185615,0.0
ENSG00000185567,0.0
ENSG00000186907,0.0
ENSG00000185559,0.0
ENSG00000186973,0.0
ENSG00000185499,0.0
ENSG00000211663,0.0
ENSG00000185479,0.0
ENSG00000186529,0.0
ENSG00000185290,0.0
ENSG00000185269,0.0
ENSG00000185156,0.0
ENSG00000184985,0.0
ENSG00000211672,0.0
ENSG00000211945,0.0
ENSG00000211668,0.0
ENSG00000184368,0.0
ENSG00000184347,0.0
ENSG00000187045,0.0
ENSG00000073737,0.0
ENSG00000186847,0.0
ENSG00000073792,0.0
ENSG00000183346,0.0
ENSG00000186715,0.0
ENSG00000186493,0.0
ENSG00000186377,0.0
ENSG00000211644,0.0
ENSG00000211771,0.0
ENSG00000211654,0.0
ENSG00000211957,0.0
ENSG00000186340,0.0
ENSG00000186198,0.0
ENSG00000211649,0.0
ENSG00000211688,0.0
ENSG00000186007,0.0
ENSG00000188959,0.0
ENSG00000183844,0.0
ENSG00000188833,0.0
ENSG00000188817,0.0
ENSG00000211961,0.0
ENSG00000197415,0.0
ENSG00000200879,0.0
ENSG00000200959,0.0
ENSG00000201217,0.0
ENSG00000201464,0.0
ENSG00000201998,0.0
ENSG00000202354,0.0
ENSG00000202538,0.0
ENSG00000203685,0.0
ENSG00000198443,0.0
ENSG00000198502,0.0
ENSG00000198535,0.0
ENSG00000182931,0.0
ENSG00000204128,0.0
ENSG00000204175,0.0
ENSG00000204252,0.0
ENSG00000204262,0.0
ENSG00000196154,0.0
ENSG00000196126,0.0
ENSG00000204335,0.0
ENSG00000204385,0.0
ENSG00000189366,0.0
ENSG00000204528,0.0
ENSG00000204616,0.0
ENSG00000212232,0.0
ENSG00000204711,0.0
ENSG00000204019,0.0
ENSG00000075618,0.0
ENSG00000076864,0.0
ENSG00000077274,0.0
ENSG00000198431,0.0
ENSG00000077327,0.0
ENSG00000078401,0.0
ENSG00000198643,0.0
ENSG00000198203,0.0
ENSG00000198681,0.0
ENSG00000198691,0.0
ENSG00000198692,0.0
ENSG00000198695,0.0
ENSG00000198729,0.0
ENSG00000200156,0.0
ENSG00000198744,0.0
ENSG00000198753,0.0
ENSG00000198125,0.0
ENSG00000198758,0.0
ENSG00000198807,0.0
ENSG00000197769,0.0
ENSG00000196878,0.0
ENSG00000197766,0.0
ENSG00000197635,0.0
ENSG00000196917,0.0
ENSG00000197614,0.0
ENSG00000199899,0.0
ENSG00000197476,0.0
ENSG00000198734,0.0
ENSG00000115758,0.0
ENSG00000115828,0.0
ENSG00000115919,0.0
ENSG00000116661,0.0
ENSG00000188517,0.0
ENSG00000116690,0.0
ENSG00000116711,0.0
ENSG00000117215,0.0
ENSG00000188403,0.0
ENSG00000117322,0.0
ENSG00000188322,0.0
ENSG00000117394,0.0
ENSG00000204839,0.0
ENSG00000188175,0.0
ENSG00000117525,0.0
ENSG00000187957,0.0
ENSG00000117650,0.0
ENSG00000117724,0.0
ENSG00000114270,0.0
ENSG00000187867,0.0
ENSG00000204950,0.0
ENSG00000204983,0.0
ENSG00000211645,0.0
ENSG00000208772,0.0
ENSG00000187608,0.0
ENSG00000208892,0.0
ENSG00000117399,0.0
ENSG00000204894,0.0
ENSG00000204936,0.0
ENSG00000198976,0.0
ENSG00000199506,0.0
ENSG00000189334,0.0
ENSG00000199568,0.0
ENSG00000189280,0.0
ENSG00000189221,0.0
ENSG00000196747,0.0
ENSG00000196735,0.0
ENSG00000196620,0.0
ENSG00000196549,0.0
ENSG00000205795,0.0
ENSG00000203985,0.0
ENSG00000196542,0.0
ENSG00000206633,0.0
ENSG00000206634,0.0
ENSG00000206762,0.0
ENSG00000080031,0.0
ENSG00000079393,0.0
ENSG00000207008,0.0
ENSG00000207088,0.0
ENSG00000207296,0.0
ENSG00000207445,0.0
ENSG00000207721,0.0
ENSG00000078725,0.0
ENSG00000203878,0.0
ENSG00000206073,0.0
ENSG00000254988,0.0
ENSG00000251546,0.0
ENSG00000256151,0.0
ENSG00000256229,0.0
ENSG00000256615,0.0
ENSG00000256870,0.0
ENSG00000256948,0.0
ENSG00000256969,0.0
ENSG00000257588,0.0
ENSG00000257604,0.0
ENSG00000257654,0.0
ENSG00000257883,0.0
ENSG00000258053,0.0
ENSG00000258346,0.0
ENSG00000253497,0.0
ENSG00000182985,0.0
ENSG00000259104,0.0
ENSG00000259337,0.0
ENSG00000259342,0.0
ENSG00000259490,0.0
ENSG00000259674,0.0
ENSG00000259680,0.0
ENSG00000259974,0.0
ENSG00000260027,0.0
ENSG00000260265,0.0
ENSG00000260314,0.0
ENSG00000260318,0.0
ENSG00000260549,0.0
ENSG00000260877,0.0
ENSG00000260908,0.0
ENSG00000255007,0.0
ENSG00000253563,0.0
ENSG00000248801,0.0
ENSG00000248890,0.0
ENSG00000249199,0.0
ENSG00000249242,0.0
ENSG00000249395,0.0
ENSG00000249746,0.0
ENSG00000250978,0.0
ENSG00000251003,0.0
ENSG00000029993,0.0
ENSG00000038427,0.0
ENSG00000038945,0.0
ENSG00000251562,0.0
ENSG00000251791,0.0
ENSG00000251880,0.0
ENSG00000252498,0.0
ENSG00000254726,0.0
ENSG00000254560,0.0
ENSG00000254395,0.0
ENSG00000254174,0.0
ENSG00000254143,0.0
ENSG00000254056,0.0
ENSG00000253883,0.0
ENSG00000253838,0.0
ENSG00000252835,0.0
ENSG00000253671,0.0
ENSG00000244280,0.0
ENSG00000253481,0.0
ENSG00000253368,0.0
ENSG00000253274,0.0
ENSG00000253234,0.0
ENSG00000253132,0.0
ENSG00000253120,0.0
ENSG00000253691,0.0
ENSG00000267056,0.0
ENSG00000268307,0.0
ENSG00000268388,0.0
ENSG00000269353,0.0
ENSG00000269981,0.0
ENSG00000270372,0.0
ENSG00000270472,0.0
ENSG00000270722,0.0
ENSG00000260943,0.0
ENSG00000277494,0.0
ENSG00000282133,0.0
ENSG00000282173,0.0
ENSG00000012171,0.0
ENSG00000013588,0.0
ENSG00000021852,0.0
ENSG00000255462,0.0
ENSG00000277075,0.0
ENSG00000275896,0.0
ENSG00000275395,0.0
ENSG00000275385,0.0
ENSG00000274816,0.0
ENSG00000273802,0.0
ENSG00000273760,0.0
ENSG00000022267,0.0
ENSG00000272398,0.0
ENSG00000272068,0.0
ENSG00000271569,0.0
ENSG00000271375,0.0
ENSG00000271178,0.0
ENSG00000011201,0.0
ENSG00000004799,0.0
ENSG00000276168,0.0
ENSG00000272825,0.0
ENSG00000262902,0.0
ENSG00000262920,0.0
ENSG00000263413,0.0
ENSG00000263711,0.0
ENSG00000263740,0.0
ENSG00000263834,0.0
ENSG00000263893,0.0
ENSG00000264229,0.0
ENSG00000264425,0.0
ENSG00000264781,0.0
ENSG00000265465,0.0
ENSG00000265612,0.0
ENSG00000258837,0.0
ENSG00000259094,0.0
ENSG00000282600,0.0
ENSG00000266643,0.0
ENSG00000266524,0.0
ENSG00000266124,0.0
ENSG00000265982,0.0
ENSG00000260997,0.0
ENSG00000011426,0.0
ENSG00000114248,0.0
ENSG00000113296,0.0
ENSG00000282780,0.0
ENSG00000113070,0.0
ENSG00000284651,0.0
ENSG00000284636,0.0
ENSG00000283907,0.0
ENSG00000283906,0.0
ENSG00000283656,0.0
ENSG00000283631,0.0
ENSG00000283526,0.0
ENSG00000113249,0.0
ENSG00000223298,0.0
ENSG00000223392,0.0
ENSG00000223722,0.0
ENSG00000223931,0.0
ENSG00000224189,0.0
ENSG00000053747,0.0
ENSG00000055118,0.0
ENSG00000057149,0.0
ENSG00000228232,0.0
ENSG00000057294,0.0
ENSG00000058085,0.0
ENSG00000058335,0.0
ENSG00000060982,0.0
ENSG00000062524,0.0
ENSG00000064655,0.0
ENSG00000248771,0.0
ENSG00000064886,0.0
ENSG00000066248,0.0
ENSG00000224237,0.0
ENSG00000224251,0.0
ENSG00000224373,0.0
ENSG00000224585,0.0
ENSG00000224607,0.0
ENSG00000230937,0.0
ENSG00000224769,0.0
ENSG00000224817,0.0
ENSG00000225431,0.0
ENSG00000225473,0.0
ENSG00000225630,0.0
ENSG00000225698,0.0
ENSG00000225825,0.0
ENSG00000064787,0.0
ENSG00000212402,0.0
ENSG00000211911,0.0
ENSG00000211924,0.0
ENSG00000211931,0.0
ENSG00000114374,0.0
ENSG00000114378,0.0
ENSG00000114812,0.0
ENSG00000115112,0.0
ENSG00000115163,0.0
ENSG00000115221,0.0
ENSG00000115255,0.0
ENSG00000115386,0.0
ENSG00000115468,0.0
ENSG00000115523,0.0
ENSG00000115602,0.0
ENSG00000222489,0.0
ENSG00000221986,0.0
ENSG00000220154,0.0
ENSG00000218617,0.0
ENSG00000215217,0.0
ENSG00000215187,0.0
ENSG00000214491,0.0
ENSG00000214429,0.0
ENSG00000211956,0.0
ENSG00000214263,0.0
ENSG00000214128,0.0
ENSG00000213937,0.0
ENSG00000213190,0.0
ENSG00000213088,0.0
ENSG00000213025,0.0
ENSG00000212464,0.0
ENSG00000212443,0.0
ENSG00000214336,0.0
ENSG00000236039,0.0
ENSG00000236170,0.0
ENSG00000236242,0.0
ENSG00000236345,0.0
ENSG00000237550,0.0
ENSG00000237988,0.0
ENSG00000238042,0.0
ENSG00000242580,0.0
ENSG00000242766,0.0
ENSG00000243063,0.0
ENSG00000029153,0.0
ENSG00000029559,0.0
ENSG00000239039,0.0
ENSG00000239040,0.0
ENSG00000239148,0.0
ENSG00000225972,0.0
ENSG00000245532,0.0
ENSG00000242534,0.0
ENSG00000242076,0.0
ENSG00000241566,0.0
ENSG00000243910,0.0
ENSG00000243836,0.0
ENSG00000053108,0.0
ENSG00000239571,0.0
ENSG00000049089,0.0
ENSG00000048540,0.0
ENSG00000048462,0.0
ENSG00000046774,0.0
ENSG00000043591,0.0
ENSG00000043039,0.0
ENSG00000240204,0.0
ENSG00000239819,0.0
ENSG00000049540,0.0
ENSG00000227063,0.0
ENSG00000227471,0.0
ENSG00000227925,0.0
ENSG00000234648,0.0
ENSG00000228437,0.0
ENSG00000228723,0.0
ENSG00000228952,0.0
ENSG00000229035,0.0
ENSG00000229155,0.0
ENSG00000229415,0.0
ENSG00000229644,0.0
ENSG00000229953,0.0
ENSG00000230257,0.0
ENSG00000230316,0.0
ENSG00000230838,0.0
ENSG00000235162,0.0
ENSG00000235123,0.0
ENSG00000235098,0.0
ENSG00000241294,0.0
ENSG00000240476,0.0
ENSG00000240382,0.0
ENSG00000234604,0.0
ENSG00000234068,0.0
ENSG00000238741,0.0
ENSG00000233680,0.0
ENSG00000233056,0.0
ENSG00000232931,0.0
ENSG00000231683,0.0
ENSG00000231621,0.0
ENSG00000231322,0.0
ENSG00000238840,0.0
ENSG00000238829,0.0
ENSG00000233999,0.0
ENSG00000144119,0.0
ENSG00000143556,0.0
ENSG00000143416,0.0
ENSG00000143369,0.0
ENSG00000143167,0.0
ENSG00000142945,0.0
ENSG00000142619,0.0
ENSG00000275993,0.0
ENSG00000142319,0.0
ENSG00000142273,0.0
ENSG00000145358,0.0
ENSG00000145287,0.0
ENSG00000144485,0.0
ENSG00000144481,0.0
ENSG00000144452,0.0
ENSG00000140254,0.0
ENSG00000142484,0.0
ENSG00000152049,0.0
ENSG00000151655,0.0
ENSG00000106804,0.0
ENSG00000106688,0.0
ENSG00000106483,0.0
ENSG00000106366,0.0
ENSG00000106236,0.0
ENSG00000106178,0.0
ENSG00000144191,0.0
ENSG00000105971,0.0
ENSG00000105929,0.0
ENSG00000105894,0.0
ENSG00000105855,0.0
ENSG00000148773,0.0
ENSG00000148735,0.0
ENSG00000148344,0.0
ENSG00000148123,0.0
ENSG00000105976,0.0
ENSG00000137142,0.0
ENSG00000137077,0.0
ENSG00000137033,0.0
ENSG00000136883,0.0
ENSG00000136826,0.0
ENSG00000136546,0.0
ENSG00000136542,0.0
ENSG00000139629,0.0
ENSG00000142102,0.0
ENSG00000141579,0.0
ENSG00000141294,0.0
ENSG00000136383,0.0
ENSG00000136352,0.0
ENSG00000136244,0.0
ENSG00000136231,0.0
ENSG00000136160,0.0
ENSG00000142178,0.0
ENSG00000138769,0.0
ENSG00000138755,0.0
ENSG00000138615,0.0
ENSG00000138308,0.0
ENSG00000138180,0.0
ENSG00000138135,0.0
ENSG00000138028,0.0
ENSG00000137968,0.0
ENSG00000137440,0.0
ENSG00000105852,0.0
ENSG00000105707,0.0
ENSG00000144354,0.0
ENSG00000144331,0.0
ENSG00000137857,0.0
ENSG00000137809,0.0
ENSG00000137673,0.0
ENSG00000137573,0.0
ENSG00000137959,0.0
ENSG00000105131,0.0
ENSG00000104783,0.0
ENSG00000104368,0.0
ENSG00000104332,0.0
ENSG00000158125,0.0
ENSG00000158089,0.0
ENSG00000157856,0.0
ENSG00000152128,0.0
ENSG00000157551,0.0
ENSG00000157404,0.0
ENSG00000157064,0.0
ENSG00000153789,0.0
ENSG00000153347,0.0
ENSG00000153294,0.0
ENSG00000153234,0.0
ENSG00000153162,0.0
ENSG00000157613,0.0
ENSG00000157005,0.0
ENSG00000156966,0.0
ENSG00000156738,0.0
ENSG00000156510,0.0
ENSG00000156413,0.0
ENSG00000156298,0.0
ENSG00000156284,0.0
ENSG00000160161,0.0
ENSG00000105219,0.0
ENSG00000159708,0.0
ENSG00000159588,0.0
ENSG00000159387,0.0
ENSG00000159217,0.0
ENSG00000159184,0.0
ENSG00000105519,0.0
ENSG00000105369,0.0
ENSG00000105290,0.0
ENSG00000160111,0.0
ENSG00000148798,0.0
ENSG00000104267,0.0
ENSG00000154269,0.0
ENSG00000154175,0.0
ENSG00000154146,0.0
ENSG00000154065,0.0
ENSG00000154040,0.0
ENSG00000147697,0.0
ENSG00000153132,0.0
ENSG00000147381,0.0
ENSG00000146674,0.0
ENSG00000146477,0.0
ENSG00000146197,0.0
ENSG00000145920,0.0
ENSG00000145491,0.0
ENSG00000152669,0.0
ENSG00000152377,0.0
ENSG00000147642,0.0
ENSG00000152952,0.0
ENSG00000152785,0.0
ENSG00000152766,0.0
ENSG00000155659,0.0
ENSG00000155265,0.0
ENSG00000155093,0.0
ENSG00000155066,0.0
ENSG00000154764,0.0
ENSG00000148848,0.0
ENSG00000105641,0.0
ENSG00000151012,0.0
ENSG00000150625,0.0
ENSG00000150594,0.0
ENSG00000150556,0.0
ENSG00000149948,0.0
ENSG00000149043,0.0
ENSG00000148926,0.0
ENSG00000154319,0.0
ENSG00000130433,0.0
ENSG00000130294,0.0
ENSG00000130208,0.0
ENSG00000130203,0.0
ENSG00000129988,0.0
ENSG00000129824,0.0
ENSG00000129538,0.0
ENSG00000136155,0.0
ENSG00000125398,0.0
ENSG00000125378,0.0
ENSG00000125285,0.0
ENSG00000125148,0.0
ENSG00000125144,0.0
ENSG00000124942,0.0
ENSG00000124920,0.0
ENSG00000128342,0.0
ENSG00000125730,0.0
ENSG00000128591,0.0
ENSG00000128536,0.0
ENSG00000132470,0.0
ENSG00000132465,0.0
ENSG00000132437,0.0
ENSG00000132329,0.0
ENSG00000132000,0.0
ENSG00000131781,0.0
ENSG00000130513,0.0
ENSG00000131471,0.0
ENSG00000127129,0.0
ENSG00000126890,0.0
ENSG00000126787,0.0
ENSG00000126778,0.0
ENSG00000126709,0.0
ENSG00000126016,0.0
ENSG00000125968,0.0
ENSG00000131747,0.0
ENSG00000125775,0.0
ENSG00000011347,0.0
ENSG00000001084,0.0
ENSG00000001626,0.0
ENSG00000287394,0.0
ENSG00000287331,0.0
ENSG00000003436,0.0
ENSG00000286722,0.0
ENSG00000128298,0.0
ENSG00000281958,0.0
ENSG00000280002,0.0
ENSG00000278857,0.0
ENSG00000278828,0.0
ENSG00000278783,0.0
ENSG00000271130,0.0
ENSG00000287770,0.0
ENSG00000004838,0.0
ENSG00000282012,0.0
ENSG00000128268,0.0
ENSG00000128218,0.0
ENSG00000127954,0.0
ENSG00000127585,0.0
ENSG00000010438,0.0
ENSG00000009709,0.0
ENSG00000007306,0.0
ENSG00000007216,0.0
ENSG00000125798,0.0
ENSG00000006747,0.0
ENSG00000006611,0.0
ENSG00000006210,0.0
ENSG00000006047,0.0
ENSG00000004848,0.0
ENSG00000109906,0.0
ENSG00000125848,0.0
ENSG00000125845,0.0
ENSG00000007038,0.0
ENSG00000135346,0.0
ENSG00000135318,0.0
ENSG00000135218,0.0
ENSG00000135097,0.0
ENSG00000135069,0.0
ENSG00000134121,0.0
ENSG00000134028,0.0
ENSG00000128918,0.0
ENSG00000122711,0.0
ENSG00000124875,0.0
ENSG00000124731,0.0
ENSG00000124602,0.0
ENSG00000124491,0.0
ENSG00000124466,0.0
ENSG00000124440,0.0
ENSG00000112175,0.0
ENSG00000133800,0.0
ENSG00000108846,0.0
ENSG00000108700,0.0
ENSG00000108515,0.0
ENSG00000108244,0.0
ENSG00000107742,0.0
ENSG00000137948,0.0
ENSG00000137868,0.0
ENSG00000137860,0.0
ENSG00000135374,0.0
ENSG00000110492,0.0
ENSG00000106819,0.0
ENSG00000106809,0.0
ENSG00000135773,0.0
ENSG00000135678,0.0
ENSG00000135643,0.0
ENSG00000135549,0.0
ENSG00000135451,0.0
ENSG00000110799,0.0
ENSG00000131435,0.0
ENSG00000131203,0.0
ENSG00000131016,0.0
ENSG00000131002,0.0
ENSG00000130635,0.0
ENSG00000130600,0.0
ENSG00000133392,0.0
ENSG00000133328,0.0
ENSG00000111834,0.0
ENSG00000133135,0.0
ENSG00000133134,0.0
ENSG00000133115,0.0
ENSG00000133110,0.0
ENSG00000133055,0.0
ENSG00000133048,0.0
ENSG00000129521,0.0
ENSG00000129451,0.0
ENSG00000133169,0.0
ENSG00000111799,0.0
ENSG00000111432,0.0
ENSG00000111206,0.0
ENSG00000110900,0.0
ENSG00000132965,0.0
ENSG00000132874,0.0
ENSG00000132746,0.0
ENSG00000135046,0.0
ENSG00000134193,0.0
ENSG00000134443,0.0
ENSG00000134363,0.0
ENSG00000134339,0.0
ENSG00000134323,0.0
ENSG00000134259,0.0
ENSG00000134258,0.0
ENSG00000134240,0.0
ENSG00000134216,0.0
ENSG00000134917,0.0
ENSG00000173947,0.0
ENSG00000173930,0.0
ENSG00000173432,0.0
ENSG00000173391,0.0
ENSG00000173372,0.0
ENSG00000173369,0.0
ENSG00000173237,0.0
ENSG00000160307,0.0
ENSG00000172602,0.0
ENSG00000095739,0.0
ENSG00000094963,0.0
ENSG00000094755,0.0
ENSG00000092850,0.0
ENSG00000092607,0.0
ENSG00000090932,0.0
ENSG00000090889,0.0
ENSG00000173227,0.0
ENSG00000172236,0.0
ENSG00000172201,0.0
ENSG00000176490,0.0
ENSG00000175928,0.0
ENSG00000175832,0.0
ENSG00000175592,0.0
ENSG00000175287,0.0
ENSG00000175164,0.0
ENSG00000174343,0.0
ENSG00000174938,0.0
ENSG00000174640,0.0
ENSG00000174607,0.0
ENSG00000174564,0.0
ENSG00000171551,0.0
ENSG00000171431,0.0
ENSG00000171388,0.0
ENSG00000171368,0.0
ENSG00000174939,0.0
ENSG00000171303,0.0
ENSG00000171004,0.0
ENSG00000096696,0.0
ENSG00000095932,0.0
ENSG00000095917,0.0
ENSG00000169291,0.0
ENSG00000169252,0.0
ENSG00000169248,0.0
ENSG00000090530,0.0
ENSG00000169174,0.0
ENSG00000169116,0.0
ENSG00000169031,0.0
ENSG00000168907,0.0
ENSG00000090339,0.0
ENSG00000170786,0.0
ENSG00000170608,0.0
ENSG00000170577,0.0
ENSG00000169245,0.0
ENSG00000090382,0.0
ENSG00000172137,0.0
ENSG00000172061,0.0
ENSG00000171951,0.0
ENSG00000171848,0.0
ENSG00000171658,0.0
ENSG00000171631,0.0
ENSG00000170476,0.0
ENSG00000171345,0.0
ENSG00000170369,0.0
ENSG00000170345,0.0
ENSG00000170271,0.0
ENSG00000170231,0.0
ENSG00000169862,0.0
ENSG00000169715,0.0
ENSG00000169583,0.0
ENSG00000171346,0.0
ENSG00000170439,0.0
ENSG00000179674,0.0
ENSG00000184113,0.0
ENSG00000184012,0.0
ENSG00000183878,0.0
ENSG00000089685,0.0
ENSG00000088836,0.0
ENSG00000088325,0.0
ENSG00000172264,0.0
ENSG00000087085,0.0
ENSG00000085552,0.0
ENSG00000084110,0.0
ENSG00000081479,0.0
ENSG00000081277,0.0
ENSG00000081041,0.0
ENSG00000080618,0.0
ENSG00000080493,0.0
ENSG00000087495,0.0
ENSG00000182795,0.0
ENSG00000182782,0.0
ENSG00000182489,0.0
ENSG00000182379,0.0
ENSG00000182272,0.0
ENSG00000185986,0.0
ENSG00000185745,0.0
ENSG00000185681,0.0
ENSG00000179750,0.0
ENSG00000181374,0.0
ENSG00000181218,0.0
ENSG00000181143,0.0
ENSG00000181085,0.0
ENSG00000180730,0.0
ENSG00000180596,0.0
ENSG00000180535,0.0
ENSG00000179902,0.0
ENSG00000181577,0.0
ENSG00000174514,0.0
ENSG00000115718,0.0
ENSG00000122679,0.0
ENSG00000121898,0.0
ENSG00000121769,0.0
ENSG00000121742,0.0
ENSG00000120885,0.0
ENSG00000120875,0.0
ENSG00000182013,0.0
ENSG00000120211,0.0
ENSG00000120129,0.0
ENSG00000120068,0.0
ENSG00000119535,0.0
ENSG00000119508,0.0
ENSG00000119457,0.0
ENSG00000119147,0.0
ENSG00000172478,0.0
ENSG00000120738,0.0
ENSG00000182010,0.0
ENSG00000181649,0.0
ENSG00000179031,0.0
ENSG00000178999,0.0
ENSG00000178934,0.0
ENSG00000178919,0.0
ENSG00000178372,0.0
ENSG00000178222,0.0
ENSG00000179083,0.0
ENSG00000177508,0.0
ENSG00000177459,0.0
ENSG00000177191,0.0
ENSG00000176945,0.0
ENSG00000176907,0.0
ENSG00000176842,0.0
ENSG00000176788,0.0
ENSG00000179344,0.0
ENSG00000177575,0.0
ENSG00000163975,0.0
ENSG00000163923,0.0
ENSG00000163898,0.0
ENSG00000163884,0.0
ENSG00000163817,0.0
ENSG00000163751,0.0
ENSG00000163739,0.0
ENSG00000170549,0.0
ENSG00000163710,0.0
ENSG00000163687,0.0
ENSG00000163631,0.0
ENSG00000160183,0.0
ENSG00000163629,0.0
ENSG00000163568,0.0
ENSG00000163485,0.0
ENSG00000163347,0.0
ENSG00000163736,0.0
ENSG00000164308,0.0
ENSG00000164237,0.0
ENSG00000164171,0.0
ENSG00000164161,0.0
ENSG00000103888,0.0
ENSG00000103811,0.0
ENSG00000103485,0.0
ENSG00000103460,0.0
ENSG00000164093,0.0
ENSG00000103089,0.0
ENSG00000103044,0.0
ENSG00000102970,0.0
ENSG00000102837,0.0
ENSG00000102287,0.0
ENSG00000165304,0.0
ENSG00000102243,0.0
ENSG00000101938,0.0
ENSG00000103257,0.0
ENSG00000123485,0.0
ENSG00000123388,0.0
ENSG00000123358,0.0
ENSG00000122966,0.0
ENSG00000122861,0.0
ENSG00000159167,0.0
ENSG00000158270,0.0
ENSG00000158246,0.0
ENSG00000163286,0.0
ENSG00000162545,0.0
ENSG00000162433,0.0
ENSG00000162366,0.0
ENSG00000162078,0.0
ENSG00000162006,0.0
ENSG00000161896,0.0
ENSG00000160886,0.0
ENSG00000160867,0.0
ENSG00000162738,0.0
ENSG00000163239,0.0
ENSG00000163209,0.0
ENSG00000163141,0.0
ENSG00000163083,0.0
ENSG00000163071,0.0
ENSG00000163053,0.0
ENSG00000162949,0.0
ENSG00000162772,0.0
ENSG00000123689,0.0
ENSG00000118322,0.0
ENSG00000109472,0.0
ENSG00000108924,0.0
ENSG00000124429,0.0
ENSG00000124260,0.0
ENSG00000124143,0.0
ENSG00000124116,0.0
ENSG00000123843,0.0
ENSG00000160188,0.0
ENSG00000100453,0.0
ENSG00000100373,0.0
ENSG00000100285,0.0
ENSG00000100170,0.0
ENSG00000100033,0.0
ENSG00000168874,0.0
ENSG00000168743,0.0
ENSG00000166736,0.0
ENSG00000168679,0.0
ENSG00000168542,0.0
ENSG00000167600,0.0
ENSG00000167588,0.0
ENSG00000167476,0.0
ENSG00000167183,0.0
ENSG00000167157,0.0
ENSG00000166923,0.0
ENSG00000168685,0.0
ENSG00000168497,0.0
ENSG00000168477,0.0
ENSG00000168447,0.0
ENSG00000168350,0.0
ENSG00000168243,0.0
ENSG00000168079,0.0
ENSG00000168078,0.0
ENSG00000167900,0.0
ENSG00000100665,0.0
ENSG00000167779,0.0
ENSG00000169550,0.0
ENSG00000169442,0.0
ENSG00000169429,0.0
ENSG00000169418,0.0
ENSG00000101825,0.0
ENSG00000101443,0.0
ENSG00000100985,0.0
ENSG00000167858,0.0
ENSG00000165731,0.0
ENSG00000165548,0.0
ENSG00000167711,0.0
ENSG00000165215,0.0
ENSG00000165168,0.0
ENSG00000165092,0.0
ENSG00000165072,0.0
ENSG00000164932,0.0
ENSG00000166922,0.0
ENSG00000164741,0.0
ENSG00000164694,0.0
ENSG00000164692,0.0
ENSG00000164647,0.0
ENSG00000164638,0.0
ENSG00000164626,0.0
ENSG00000164488,0.0
ENSG00000164400,0.0
ENSG00000164929,0.0
ENSG00000166920,0.0
ENSG00000166828,0.0
ENSG00000166825,0.0
ENSG00000167767,0.0
ENSG00000167759,0.0
ENSG00000167755,0.0
ENSG00000167754,0.0
ENSG00000166592,0.0
ENSG00000165810,0.0
ENSG00000166448,0.0
ENSG00000166426,0.0
ENSG00000166415,0.0
ENSG00000166165,0.0
ENSG00000166123,0.0
ENSG00000165973,0.0
ENSG00000165949,0.0
ENSG00000165905,0.0
ENSG00000166482,0.0
